date,Market_Index, Period,Market_Change
01-01-2018,10435.55,Pre,-5.90%
02-01-2018,10442.2,Pre,-5.84%
03-01-2018,10443.2,Pre,-5.83%
04-01-2018,10504.8,Pre,-5.28%
05-01-2018,10558.85,Pre,-4.79%
08-01-2018,10623.6,Pre,-4.21%
09-01-2018,10637,Pre,-4.09%
10-01-2018,10632.2,Pre,-4.13%
11-01-2018,10651.2,Pre,-3.96%
12-01-2018,10681.25,Pre,-3.69%
15-01-2018,10741.55,Pre,-3.14%
16-01-2018,10700.45,Pre,-3.52%
17-01-2018,10788.55,Pre,-2.72%
18-01-2018,10817,Pre,-2.46%
19-01-2018,10894.7,Pre,-1.76%
22-01-2018,10966.2,Pre,-1.12%
23-01-2018,11083.7,Pre,-0.06%
24-01-2018,11086,Pre,-0.04%
25-01-2018,11069.65,Pre,-0.19%
29-01-2018,11130.4,Pre,0.36%
30-01-2018,11049.65,Pre,-0.37%
31-01-2018,11027.7,Pre,-0.56%
01-02-2018,11016.9,Pre,-0.66%
02-02-2018,10760.6,Pre,-2.97%
05-02-2018,10666.55,Pre,-3.82%
06-02-2018,10498.25,Pre,-5.34%
07-02-2018,10476.7,Pre,-5.53%
08-02-2018,10576.85,Pre,-4.63%
09-02-2018,10454.95,Pre,-5.73%
12-02-2018,10539.75,Pre,-4.96%
14-02-2018,10500.9,Pre,-5.31%
15-02-2018,10545.5,Pre,-4.91%
16-02-2018,10452.3,Pre,-5.75%
19-02-2018,10378.4,Pre,-6.42%
20-02-2018,10360.4,Pre,-6.58%
21-02-2018,10397.45,Pre,-6.25%
22-02-2018,10382.7,Pre,-6.38%
23-02-2018,10491.05,Pre,-5.40%
26-02-2018,10582.6,Pre,-4.58%
27-02-2018,10554.3,Pre,-4.83%
28-02-2018,10492.85,Pre,-5.39%
01-03-2018,10458.35,Pre,-5.70%
05-03-2018,10358.85,Pre,-6.60%
06-03-2018,10249.25,Pre,-7.58%
07-03-2018,10154.2,Pre,-8.44%
08-03-2018,10242.65,Pre,-7.64%
09-03-2018,10226.85,Pre,-7.79%
12-03-2018,10421.4,Pre,-6.03%
13-03-2018,10426.85,Pre,-5.98%
14-03-2018,10410.9,Pre,-6.13%
15-03-2018,10360.15,Pre,-6.58%
16-03-2018,10195.15,Pre,-8.07%
19-03-2018,10094.25,Pre,-8.98%
20-03-2018,10124.35,Pre,-8.71%
21-03-2018,10155.25,Pre,-8.43%
22-03-2018,10114.75,Pre,-8.80%
23-03-2018,9998.05,Pre,-9.85%
26-03-2018,10130.65,Pre,-8.65%
27-03-2018,10184.15,Pre,-8.17%
28-03-2018,10113.7,Pre,-8.81%
02-04-2018,10211.8,Pre,-7.92%
03-04-2018,10245,Pre,-7.62%
04-04-2018,10128.4,Pre,-8.67%
05-04-2018,10325.15,Pre,-6.90%
06-04-2018,10331.6,Pre,-6.84%
09-04-2018,10379.35,Pre,-6.41%
10-04-2018,10402.25,Pre,-6.20%
11-04-2018,10417.15,Pre,-6.07%
12-04-2018,10458.65,Pre,-5.70%
13-04-2018,10480.6,Pre,-5.50%
16-04-2018,10528.35,Pre,-5.07%
17-04-2018,10548.7,Pre,-4.88%
18-04-2018,10526.2,Pre,-5.09%
19-04-2018,10565.3,Pre,-4.73%
20-04-2018,10564.05,Pre,-4.75%
23-04-2018,10584.7,Pre,-4.56%
24-04-2018,10614.35,Pre,-4.29%
25-04-2018,10570.55,Pre,-4.69%
26-04-2018,10617.8,Pre,-4.26%
27-04-2018,10692.3,Pre,-3.59%
30-04-2018,10739.35,Pre,-3.16%
02-05-2018,10718.05,Pre,-3.36%
03-05-2018,10679.65,Pre,-3.70%
04-05-2018,10618.25,Pre,-4.26%
07-05-2018,10715.5,Pre,-3.38%
08-05-2018,10717.8,Pre,-3.36%
09-05-2018,10741.7,Pre,-3.14%
10-05-2018,10716.55,Pre,-3.37%
11-05-2018,10806.5,Pre,-2.56%
14-05-2018,10806.6,Pre,-2.56%
15-05-2018,10801.85,Pre,-2.60%
16-05-2018,10741.1,Pre,-3.15%
17-05-2018,10682.7,Pre,-3.68%
18-05-2018,10596.4,Pre,-4.45%
21-05-2018,10516.7,Pre,-5.17%
22-05-2018,10536.7,Pre,-4.99%
23-05-2018,10430.35,Pre,-5.95%
24-05-2018,10513.85,Pre,-5.20%
25-05-2018,10605.15,Pre,-4.37%
28-05-2018,10688.65,Pre,-3.62%
29-05-2018,10633.3,Pre,-4.12%
30-05-2018,10614.35,Pre,-4.29%
31-05-2018,10736.15,Pre,-3.19%
01-06-2018,10696.2,Pre,-3.55%
04-06-2018,10628.5,Pre,-4.16%
05-06-2018,10593.15,Pre,-4.48%
06-06-2018,10684.65,Pre,-3.66%
07-06-2018,10768.35,Pre,-2.90%
08-06-2018,10767.65,Pre,-2.91%
11-06-2018,10786.95,Pre,-2.74%
12-06-2018,10842.85,Pre,-2.23%
13-06-2018,10856.7,Pre,-2.11%
14-06-2018,10808.05,Pre,-2.55%
15-06-2018,10817.7,Pre,-2.46%
18-06-2018,10799.85,Pre,-2.62%
19-06-2018,10710.45,Pre,-3.43%
20-06-2018,10772.05,Pre,-2.87%
21-06-2018,10741.1,Pre,-3.15%
22-06-2018,10821.85,Pre,-2.42%
25-06-2018,10762.45,Pre,-2.96%
26-06-2018,10769.15,Pre,-2.90%
27-06-2018,10671.4,Pre,-3.78%
28-06-2018,10589.1,Pre,-4.52%
29-06-2018,10714.3,Pre,-3.39%
02-07-2018,10657.3,Pre,-3.90%
03-07-2018,10699.9,Pre,-3.52%
04-07-2018,10769.9,Pre,-2.89%
05-07-2018,10749.75,Pre,-3.07%
06-07-2018,10772.65,Pre,-2.86%
09-07-2018,10852.9,Pre,-2.14%
10-07-2018,10947.25,Pre,-1.29%
11-07-2018,10948.3,Pre,-1.28%
12-07-2018,11023.2,Pre,-0.61%
13-07-2018,11018.9,Pre,-0.64%
16-07-2018,10936.85,Pre,-1.38%
17-07-2018,11008.05,Pre,-0.74%
18-07-2018,10980.45,Pre,-0.99%
19-07-2018,10957.1,Pre,-1.20%
20-07-2018,11010.2,Pre,-0.72%
23-07-2018,11084.75,Pre,-0.05%
24-07-2018,11134.3,Pre,0.40%
25-07-2018,11132,Pre,0.38%
26-07-2018,11167.3,Pre,0.69%
27-07-2018,11278.35,Pre,1.70%
30-07-2018,11319.55,Pre,2.07%
31-07-2018,11356.5,Pre,2.40%
01-08-2018,11346.2,Pre,2.31%
02-08-2018,11244.7,Pre,1.39%
03-08-2018,11360.8,Pre,2.44%
06-08-2018,11387.1,Pre,2.68%
07-08-2018,11389.45,Pre,2.70%
08-08-2018,11450,Pre,3.24%
09-08-2018,11470.7,Pre,3.43%
10-08-2018,11429.5,Pre,3.06%
13-08-2018,11355.75,Pre,2.39%
14-08-2018,11435.1,Pre,3.11%
16-08-2018,11385.05,Pre,2.66%
17-08-2018,11470.75,Pre,3.43%
20-08-2018,11551.75,Pre,4.16%
21-08-2018,11570.9,Pre,4.33%
23-08-2018,11582.75,Pre,4.44%
24-08-2018,11557.1,Pre,4.21%
27-08-2018,11691.95,Pre,5.42%
28-08-2018,11738.5,Pre,5.84%
29-08-2018,11691.9,Pre,5.42%
30-08-2018,11676.8,Pre,5.29%
31-08-2018,11680.5,Pre,5.32%
03-09-2018,11582.35,Pre,4.44%
04-09-2018,11520.3,Pre,3.88%
05-09-2018,11476.95,Pre,3.49%
06-09-2018,11536.9,Pre,4.03%
07-09-2018,11589.1,Pre,4.50%
10-09-2018,11438.1,Pre,3.14%
11-09-2018,11287.5,Pre,1.78%
12-09-2018,11369.9,Pre,2.52%
14-09-2018,11515.2,Pre,3.83%
17-09-2018,11377.75,Pre,2.59%
18-09-2018,11278.9,Pre,1.70%
19-09-2018,11234.35,Pre,1.30%
21-09-2018,11143.1,Pre,0.48%
24-09-2018,10967.4,Pre,-1.11%
25-09-2018,11067.45,Pre,-0.21%
26-09-2018,11053.8,Pre,-0.33%
27-09-2018,10977.55,Pre,-1.02%
28-09-2018,10930.45,Pre,-1.44%
01-10-2018,11008.3,Pre,-0.74%
03-10-2018,10858.25,Pre,-2.09%
04-10-2018,10599.25,Pre,-4.43%
05-10-2018,10316.45,Pre,-6.98%
08-10-2018,10348.05,Pre,-6.69%
09-10-2018,10301.05,Pre,-7.12%
10-10-2018,10460.1,Pre,-5.68%
11-10-2018,10234.65,Pre,-7.72%
12-10-2018,10472.5,Pre,-5.57%
15-10-2018,10512.5,Pre,-5.21%
16-10-2018,10584.75,Pre,-4.56%
17-10-2018,10453.05,Pre,-5.75%
19-10-2018,10303.55,Pre,-7.09%
22-10-2018,10245.25,Pre,-7.62%
23-10-2018,10146.8,Pre,-8.51%
24-10-2018,10224.75,Pre,-7.80%
25-10-2018,10124.9,Pre,-8.71%
26-10-2018,10030,Pre,-9.56%
29-10-2018,10250.85,Pre,-7.57%
30-10-2018,10198.4,Pre,-8.04%
31-10-2018,10386.6,Pre,-6.35%
01-11-2018,10380.45,Pre,-6.40%
02-11-2018,10553,Pre,-4.84%
05-11-2018,10524,Pre,-5.11%
06-11-2018,10530,Pre,-5.05%
07-11-2018,10598.4,Pre,-4.44%
09-11-2018,10585.2,Pre,-4.55%
12-11-2018,10482.2,Pre,-5.48%
13-11-2018,10582.5,Pre,-4.58%
14-11-2018,10576.3,Pre,-4.63%
15-11-2018,10616.7,Pre,-4.27%
16-11-2018,10682.2,Pre,-3.68%
19-11-2018,10763.4,Pre,-2.95%
20-11-2018,10656.2,Pre,-3.91%
21-11-2018,10600.05,Pre,-4.42%
22-11-2018,10526.75,Pre,-5.08%
26-11-2018,10628.6,Pre,-4.16%
27-11-2018,10685.6,Pre,-3.65%
28-11-2018,10728.85,Pre,-3.26%
29-11-2018,10858.7,Pre,-2.09%
30-11-2018,10876.75,Pre,-1.93%
03-12-2018,10883.75,Pre,-1.86%
04-12-2018,10869.5,Pre,-1.99%
05-12-2018,10782.9,Pre,-2.77%
06-12-2018,10601.15,Pre,-4.41%
07-12-2018,10693.7,Pre,-3.58%
10-12-2018,10488.45,Pre,-5.43%
11-12-2018,10549.15,Pre,-4.88%
12-12-2018,10737.6,Pre,-3.18%
13-12-2018,10791.55,Pre,-2.69%
14-12-2018,10805.45,Pre,-2.57%
17-12-2018,10888.35,Pre,-1.82%
18-12-2018,10908.7,Pre,-1.64%
19-12-2018,10967.3,Pre,-1.11%
20-12-2018,10951.7,Pre,-1.25%
21-12-2018,10754,Pre,-3.03%
24-12-2018,10663.5,Pre,-3.85%
26-12-2018,10729.85,Pre,-3.25%
27-12-2018,10779.8,Pre,-2.80%
28-12-2018,10859.9,Pre,-2.08%
31-12-2018,10862.55,Pre,-2.05%
01-01-2019,10910.1,Pre,-1.62%
02-01-2019,10792.5,Pre,-2.69%
03-01-2019,10672.25,Pre,-3.77%
04-01-2019,10727.35,Pre,-3.27%
07-01-2019,10771.8,Pre,-2.87%
08-01-2019,10802.15,Pre,-2.60%
09-01-2019,10855.15,Pre,-2.12%
10-01-2019,10821.6,Pre,-2.42%
11-01-2019,10794.95,Pre,-2.66%
14-01-2019,10737.6,Pre,-3.18%
15-01-2019,10886.8,Pre,-1.84%
16-01-2019,10890.3,Pre,-1.80%
17-01-2019,10905.2,Pre,-1.67%
18-01-2019,10906.95,Pre,-1.65%
21-01-2019,10961.85,Pre,-1.16%
22-01-2019,10922.75,Pre,-1.51%
23-01-2019,10831.5,Pre,-2.33%
24-01-2019,10849.8,Pre,-2.17%
25-01-2019,10780.55,Pre,-2.79%
28-01-2019,10661.55,Pre,-3.87%
29-01-2019,10652.2,Pre,-3.95%
30-01-2019,10651.8,Pre,-3.95%
31-01-2019,10830.95,Pre,-2.34%
01-02-2019,10893.65,Pre,-1.77%
04-02-2019,10912.25,Pre,-1.61%
05-02-2019,10934.35,Pre,-1.41%
06-02-2019,11062.45,Pre,-0.25%
07-02-2019,11069.4,Pre,-0.19%
08-02-2019,10943.6,Pre,-1.32%
11-02-2019,10888.8,Pre,-1.82%
12-02-2019,10831.4,Pre,-2.33%
13-02-2019,10793.65,Pre,-2.68%
14-02-2019,10746.05,Pre,-3.10%
15-02-2019,10724.4,Pre,-3.30%
18-02-2019,10640.95,Pre,-4.05%
19-02-2019,10604.35,Pre,-4.38%
20-02-2019,10735.45,Pre,-3.20%
21-02-2019,10789.85,Pre,-2.71%
22-02-2019,10791.65,Pre,-2.69%
25-02-2019,10880.1,Pre,-1.90%
26-02-2019,10835.3,Pre,-2.30%
27-02-2019,10806.65,Pre,-2.56%
28-02-2019,10792.5,Pre,-2.69%
01-03-2019,10863.5,Pre,-2.05%
05-03-2019,10987.45,Pre,-0.93%
06-03-2019,11053,Pre,-0.34%
07-03-2019,11058.2,Pre,-0.29%
08-03-2019,11035.4,Pre,-0.50%
11-03-2019,11168.05,Pre,0.70%
12-03-2019,11301.2,Pre,1.90%
13-03-2019,11341.7,Pre,2.27%
14-03-2019,11343.25,Pre,2.28%
15-03-2019,11426.85,Pre,3.03%
18-03-2019,11462.2,Pre,3.35%
19-03-2019,11532.4,Pre,3.99%
20-03-2019,11521.05,Pre,3.88%
22-03-2019,11456.9,Pre,3.31%
25-03-2019,11354.25,Pre,2.38%
26-03-2019,11483.25,Pre,3.54%
27-03-2019,11445.05,Pre,3.20%
28-03-2019,11570,Pre,4.33%
29-03-2019,11623.9,Pre,4.81%
01-04-2019,11669.15,Pre,5.22%
02-04-2019,11713.2,Pre,5.62%
03-04-2019,11643.95,Pre,4.99%
04-04-2019,11598,Pre,4.58%
05-04-2019,11665.95,Pre,5.19%
08-04-2019,11604.5,Pre,4.64%
09-04-2019,11671.95,Pre,5.24%
10-04-2019,11584.3,Pre,4.45%
11-04-2019,11596.7,Pre,4.57%
12-04-2019,11643.45,Pre,4.99%
15-04-2019,11690.35,Pre,5.41%
16-04-2019,11787.15,Pre,6.28%
18-04-2019,11752.8,Pre,5.97%
22-04-2019,11594.45,Pre,4.55%
23-04-2019,11575.95,Pre,4.38%
24-04-2019,11726.15,Pre,5.73%
25-04-2019,11641.8,Pre,4.97%
26-04-2019,11754.65,Pre,5.99%
30-04-2019,11748.15,Pre,5.93%
02-05-2019,11724.75,Pre,5.72%
03-05-2019,11712.25,Pre,5.61%
06-05-2019,11598.25,Pre,4.58%
07-05-2019,11497.9,Pre,3.68%
08-05-2019,11359.45,Pre,2.43%
09-05-2019,11301.8,Pre,1.91%
10-05-2019,11278.9,Pre,1.70%
13-05-2019,11148.2,Pre,0.52%
14-05-2019,11222.05,Pre,1.19%
15-05-2019,11157,Pre,0.60%
16-05-2019,11257.1,Pre,1.50%
17-05-2019,11407.15,Pre,2.86%
20-05-2019,11828.25,Pre,6.65%
21-05-2019,11709.1,Pre,5.58%
22-05-2019,11737.9,Pre,5.84%
23-05-2019,11657.05,Pre,5.11%
24-05-2019,11844.1,Pre,6.80%
27-05-2019,11924.75,Pre,7.52%
28-05-2019,11928.75,Pre,7.56%
29-05-2019,11861.1,Pre,6.95%
30-05-2019,11945.9,Pre,7.71%
31-05-2019,11922.8,Pre,7.51%
03-06-2019,12088.55,Pre,9.00%
04-06-2019,12021.65,Pre,8.40%
06-06-2019,11843.75,Pre,6.79%
07-06-2019,11870.65,Pre,7.04%
10-06-2019,11922.7,Pre,7.51%
11-06-2019,11965.6,Pre,7.89%
12-06-2019,11906.2,Pre,7.36%
13-06-2019,11914.05,Pre,7.43%
14-06-2019,11823.3,Pre,6.61%
17-06-2019,11672.15,Pre,5.25%
18-06-2019,11691.5,Pre,5.42%
19-06-2019,11691.45,Pre,5.42%
20-06-2019,11831.75,Pre,6.69%
21-06-2019,11724.1,Pre,5.71%
24-06-2019,11699.65,Pre,5.49%
25-06-2019,11796.45,Pre,6.37%
26-06-2019,11847.55,Pre,6.83%
27-06-2019,11841.55,Pre,6.77%
28-06-2019,11788.85,Pre,6.30%
01-07-2019,11865.6,Pre,6.99%
02-07-2019,11910.3,Pre,7.39%
03-07-2019,11916.75,Pre,7.45%
04-07-2019,11946.75,Pre,7.72%
05-07-2019,11811.15,Pre,6.50%
08-07-2019,11558.6,Pre,4.22%
09-07-2019,11555.9,Pre,4.20%
10-07-2019,11498.9,Pre,3.68%
11-07-2019,11582.9,Pre,4.44%
12-07-2019,11552.5,Pre,4.17%
15-07-2019,11588.35,Pre,4.49%
16-07-2019,11662.6,Pre,5.16%
17-07-2019,11687.5,Pre,5.38%
18-07-2019,11596.9,Pre,4.57%
19-07-2019,11419.25,Pre,2.97%
22-07-2019,11346.2,Pre,2.31%
23-07-2019,11331.05,Pre,2.17%
24-07-2019,11271.3,Pre,1.63%
25-07-2019,11252.15,Pre,1.46%
26-07-2019,11284.3,Pre,1.75%
29-07-2019,11189.2,Pre,0.89%
30-07-2019,11085.4,Pre,-0.04%
31-07-2019,11118,Pre,0.25%
01-08-2019,10980,Pre,-0.99%
02-08-2019,10997.35,Pre,-0.84%
05-08-2019,10862.6,Pre,-2.05%
06-08-2019,10948.25,Pre,-1.28%
07-08-2019,10855.5,Pre,-2.12%
08-08-2019,11032.45,Pre,-0.52%
09-08-2019,11109.65,Pre,0.17%
13-08-2019,10925.85,Pre,-1.48%
14-08-2019,11029.4,Pre,-0.55%
16-08-2019,11047.8,Pre,-0.38%
19-08-2019,11053.9,Pre,-0.33%
20-08-2019,11017,Pre,-0.66%
21-08-2019,10918.7,Pre,-1.55%
22-08-2019,10741.35,Pre,-3.15%
23-08-2019,10829.35,Pre,-2.35%
26-08-2019,11057.85,Pre,-0.29%
27-08-2019,11105.35,Pre,0.14%
28-08-2019,11046.1,Pre,-0.40%
29-08-2019,10948.3,Pre,-1.28%
30-08-2019,11023.25,Pre,-0.60%
03-09-2019,10797.9,Pre,-2.64%
04-09-2019,10844.65,Pre,-2.22%
05-09-2019,10847.9,Pre,-2.19%
06-09-2019,10946.2,Pre,-1.30%
09-09-2019,11003.05,Pre,-0.79%
11-09-2019,11035.7,Pre,-0.49%
12-09-2019,10982.8,Pre,-0.97%
13-09-2019,11075.9,Pre,-0.13%
16-09-2019,11003.5,Pre,-0.78%
17-09-2019,10817.6,Pre,-2.46%
18-09-2019,10840.65,Pre,-2.25%
19-09-2019,10704.8,Pre,-3.48%
20-09-2019,11274.2,Pre,1.66%
23-09-2019,11600.2,Pre,4.60%
24-09-2019,11588.2,Pre,4.49%
25-09-2019,11440.2,Pre,3.15%
26-09-2019,11571.2,Pre,4.34%
27-09-2019,11512.4,Pre,3.81%
30-09-2019,11474.45,Pre,3.46%
01-10-2019,11359.9,Pre,2.43%
03-10-2019,11314,Pre,2.02%
04-10-2019,11174.75,Pre,0.76%
07-10-2019,11126.4,Pre,0.33%
09-10-2019,11313.3,Pre,2.01%
10-10-2019,11234.55,Pre,1.30%
11-10-2019,11305.05,Pre,1.94%
14-10-2019,11341.15,Pre,2.26%
15-10-2019,11428.3,Pre,3.05%
16-10-2019,11464,Pre,3.37%
17-10-2019,11586.35,Pre,4.47%
18-10-2019,11661.85,Pre,5.15%
22-10-2019,11588.35,Pre,4.49%
23-10-2019,11604.1,Pre,4.63%
24-10-2019,11582.6,Pre,4.44%
25-10-2019,11583.9,Pre,4.45%
27-10-2019,11627.15,Pre,4.84%
29-10-2019,11786.85,Pre,6.28%
30-10-2019,11844.1,Pre,6.80%
31-10-2019,11877.45,Pre,7.10%
01-11-2019,11890.6,Pre,7.22%
04-11-2019,11941.3,Pre,7.67%
05-11-2019,11917.2,Pre,7.46%
06-11-2019,11966.05,Pre,7.90%
07-11-2019,12012.05,Pre,8.31%
08-11-2019,11908.15,Pre,7.37%
11-11-2019,11913.45,Pre,7.42%
13-11-2019,11840.45,Pre,6.76%
14-11-2019,11872.1,Pre,7.05%
15-11-2019,11895.45,Pre,7.26%
18-11-2019,11884.5,Pre,7.16%
19-11-2019,11940.1,Pre,7.66%
20-11-2019,11999.1,Pre,8.19%
21-11-2019,11968.4,Pre,7.92%
22-11-2019,11914.4,Pre,7.43%
25-11-2019,12073.75,Pre,8.87%
26-11-2019,12037.7,Pre,8.54%
27-11-2019,12100.7,Pre,9.11%
28-11-2019,12151.15,Pre,9.57%
29-11-2019,12056.05,Pre,8.71%
02-12-2019,12048.2,Pre,8.64%
03-12-2019,11994.2,Pre,8.15%
04-12-2019,12043.2,Pre,8.59%
05-12-2019,12018.4,Pre,8.37%
06-12-2019,11921.5,Pre,7.49%
09-12-2019,11937.5,Pre,7.64%
10-12-2019,11856.8,Pre,6.91%
11-12-2019,11910.15,Pre,7.39%
12-12-2019,11971.8,Pre,7.95%
13-12-2019,12086.7,Pre,8.98%
16-12-2019,12053.95,Pre,8.69%
17-12-2019,12165,Pre,9.69%
18-12-2019,12221.65,Pre,10.20%
19-12-2019,12259.7,Pre,10.54%
20-12-2019,12271.8,Pre,10.65%
23-12-2019,12262.75,Pre,10.57%
24-12-2019,12214.55,Pre,10.14%
26-12-2019,12126.55,Pre,9.34%
27-12-2019,12245.8,Pre,10.42%
30-12-2019,12255.85,Pre,10.51%
31-12-2019,12168.45,Pre,9.72%
01-01-2020,12182.5,Post,9.85%
02-01-2020,12282.2,Post,10.75%
03-01-2020,12226.65,Post,10.25%
06-01-2020,11993.05,Post,8.14%
07-01-2020,12052.95,Post,8.68%
08-01-2020,12025.35,Post,8.43%
09-01-2020,12215.9,Post,10.15%
10-01-2020,12256.8,Post,10.52%
13-01-2020,12329.55,Post,11.17%
14-01-2020,12362.3,Post,11.47%
15-01-2020,12343.3,Post,11.30%
16-01-2020,12355.5,Post,11.41%
17-01-2020,12352.35,Post,11.38%
20-01-2020,12224.55,Post,10.23%
21-01-2020,12169.85,Post,9.73%
22-01-2020,12106.9,Post,9.17%
23-01-2020,12180.35,Post,9.83%
24-01-2020,12248.25,Post,10.44%
27-01-2020,12119,Post,9.28%
28-01-2020,12055.8,Post,8.71%
29-01-2020,12129.5,Post,9.37%
30-01-2020,12035.8,Post,8.53%
31-01-2020,11962.1,Post,7.86%
01-02-2020,11661.85,Post,5.15%
03-02-2020,11707.9,Post,5.57%
04-02-2020,11979.65,Post,8.02%
05-02-2020,12089.15,Post,9.01%
06-02-2020,12137.95,Post,9.45%
07-02-2020,12098.35,Post,9.09%
10-02-2020,12031.5,Post,8.49%
11-02-2020,12107.9,Post,9.18%
12-02-2020,12201.2,Post,10.02%
13-02-2020,12174.65,Post,9.78%
14-02-2020,12113.45,Post,9.23%
17-02-2020,12045.8,Post,8.62%
18-02-2020,11992.5,Post,8.13%
19-02-2020,12125.9,Post,9.34%
20-02-2020,12080.85,Post,8.93%
24-02-2020,11829.4,Post,6.66%
25-02-2020,11797.9,Post,6.38%
26-02-2020,11678.5,Post,5.30%
27-02-2020,11633.3,Post,4.90%
28-02-2020,11201.75,Post,1.00%
02-03-2020,11132.75,Post,0.38%
03-03-2020,11303.3,Post,1.92%
04-03-2020,11251,Post,1.45%
05-03-2020,11269,Post,1.61%
06-03-2020,10989.45,Post,-0.91%
09-03-2020,10451.45,Post,-5.76%
11-03-2020,10458.4,Post,-5.70%
12-03-2020,9590.15,Post,-13.53%
13-03-2020,9955.2,Post,-10.24%
16-03-2020,9197.4,Post,-17.07%
17-03-2020,8967.04,Post,-19.15%
18-03-2020,8468.79,Post,-23.64%
19-03-2020,8263.45,Post,-25.49%
20-03-2020,8745.45,Post,-21.14%
23-03-2020,7610.25,Post,-31.38%
24-03-2020,7801.05,Post,-29.66%
25-03-2020,8317.85,Post,-25.00%
26-03-2020,8641.45,Post,-22.08%
27-03-2020,8660.25,Post,-21.91%
30-03-2020,8281.1,Post,-25.33%
31-03-2020,8597.75,Post,-22.48%
01-04-2020,8253.79,Post,-25.58%
03-04-2020,8083.8,Post,-27.11%
07-04-2020,8792.2,Post,-20.72%
08-04-2020,8748.75,Post,-21.11%
09-04-2020,9111.9,Post,-17.84%
13-04-2020,8993.85,Post,-18.90%
15-04-2020,8925.29,Post,-19.52%
16-04-2020,8992.79,Post,-18.91%
17-04-2020,9266.75,Post,-16.44%
20-04-2020,9261.85,Post,-16.49%
21-04-2020,8981.45,Post,-19.02%
22-04-2020,9187.29,Post,-17.16%
23-04-2020,9313.9,Post,-16.02%
24-04-2020,9154.4,Post,-17.46%
27-04-2020,9282.29,Post,-16.30%
28-04-2020,9380.9,Post,-15.41%
29-04-2020,9553.35,Post,-13.86%
30-04-2020,9859.9,Post,-11.09%
04-05-2020,9293.5,Post,-16.20%
05-05-2020,9205.6,Post,-16.99%
06-05-2020,9270.9,Post,-16.41%
07-05-2020,9199.04,Post,-17.05%
08-05-2020,9251.5,Post,-16.58%
11-05-2020,9239.2,Post,-16.69%
12-05-2020,9196.54,Post,-17.08%
13-05-2020,9383.54,Post,-15.39%
14-05-2020,9142.75,Post,-17.56%
15-05-2020,9136.85,Post,-17.61%
18-05-2020,8823.25,Post,-20.44%
19-05-2020,8879.1,Post,-19.94%
20-05-2020,9066.54,Post,-18.25%
21-05-2020,9106.25,Post,-17.89%
22-05-2020,9039.25,Post,-18.49%
26-05-2020,9029.04,Post,-18.59%
27-05-2020,9314.95,Post,-16.01%
28-05-2020,9490.1,Post,-14.43%
29-05-2020,9580.29,Post,-13.62%
01-06-2020,9826.15,Post,-11.40%
02-06-2020,9979.1,Post,-10.02%
03-06-2020,10061.54,Post,-9.28%
04-06-2020,10029.1,Post,-9.57%
05-06-2020,10142.15,Post,-8.55%
08-06-2020,10167.45,Post,-8.32%
09-06-2020,10046.65,Post,-9.41%
10-06-2020,10116.15,Post,-8.78%
11-06-2020,9902,Post,-10.71%
12-06-2020,9972.9,Post,-10.08%
15-06-2020,9813.7,Post,-11.51%
16-06-2020,9914,Post,-10.61%
17-06-2020,9881.15,Post,-10.90%
18-06-2020,10091.65,Post,-9.00%
19-06-2020,10244.4,Post,-7.63%
22-06-2020,10311.2,Post,-7.03%
23-06-2020,10471,Post,-5.58%
24-06-2020,10305.29,Post,-7.08%
25-06-2020,10288.9,Post,-7.23%
26-06-2020,10383,Post,-6.38%
29-06-2020,10312.4,Post,-7.01%
30-06-2020,10302.1,Post,-7.11%
01-07-2020,10430.04,Post,-5.95%
02-07-2020,10551.7,Post,-4.86%
03-07-2020,10607.35,Post,-4.35%
06-07-2020,10763.65,Post,-2.95%
07-07-2020,10799.65,Post,-2.62%
08-07-2020,10705.75,Post,-3.47%
09-07-2020,10813.45,Post,-2.50%
10-07-2020,10768.05,Post,-2.91%
13-07-2020,10802.7,Post,-2.59%
14-07-2020,10607.35,Post,-4.35%
15-07-2020,10618.2,Post,-4.26%
16-07-2020,10739.95,Post,-3.16%
17-07-2020,10901.7,Post,-1.70%
20-07-2020,11022.2,Post,-0.61%
21-07-2020,11162.25,Post,0.65%
22-07-2020,11132.6,Post,0.38%
23-07-2020,11215.45,Post,1.13%
24-07-2020,11194.15,Post,0.94%
27-07-2020,11131.8,Post,0.37%
28-07-2020,11300.55,Post,1.90%
29-07-2020,11202.85,Post,1.01%
30-07-2020,11102.15,Post,0.11%
31-07-2020,11073.45,Post,-0.15%
03-08-2020,10891.6,Post,-1.79%
04-08-2020,11095.25,Post,0.04%
05-08-2020,11101.65,Post,0.10%
06-08-2020,11200.15,Post,0.99%
07-08-2020,11214.05,Post,1.12%
10-08-2020,11270.15,Post,1.62%
11-08-2020,11322.5,Post,2.09%
12-08-2020,11308.4,Post,1.97%
13-08-2020,11300.45,Post,1.89%
14-08-2020,11178.4,Post,0.79%
17-08-2020,11247.1,Post,1.41%
18-08-2020,11385.35,Post,2.66%
19-08-2020,11408.4,Post,2.87%
20-08-2020,11312.2,Post,2.00%
21-08-2020,11371.6,Post,2.54%
24-08-2020,11466.45,Post,3.39%
25-08-2020,11472.25,Post,3.44%
26-08-2020,11549.6,Post,4.14%
27-08-2020,11559.25,Post,4.23%
28-08-2020,11647.6,Post,5.02%
31-08-2020,11387.5,Post,2.68%
01-09-2020,11470.25,Post,3.43%
02-09-2020,11535,Post,4.01%
03-09-2020,11527.45,Post,3.94%
04-09-2020,11333.85,Post,2.20%
07-09-2020,11355.05,Post,2.39%
08-09-2020,11317.35,Post,2.05%
09-09-2020,11278,Post,1.69%
10-09-2020,11449.25,Post,3.24%
11-09-2020,11464.45,Post,3.37%
14-09-2020,11440.05,Post,3.15%
15-09-2020,11521.8,Post,3.89%
16-09-2020,11604.55,Post,4.64%
17-09-2020,11516.1,Post,3.84%
18-09-2020,11504.95,Post,3.74%
21-09-2020,11250.55,Post,1.44%
22-09-2020,11153.65,Post,0.57%
23-09-2020,11131.85,Post,0.37%
24-09-2020,10805.55,Post,-2.57%
25-09-2020,11050.25,Post,-0.36%
28-09-2020,11227.55,Post,1.24%
29-09-2020,11222.4,Post,1.19%
30-09-2020,11247.55,Post,1.42%
01-10-2020,11416.95,Post,2.95%
05-10-2020,11503.35,Post,3.72%
06-10-2020,11662.4,Post,5.16%
07-10-2020,11738.85,Post,5.85%
08-10-2020,11834.6,Post,6.71%
09-10-2020,11914.2,Post,7.43%
12-10-2020,11930.95,Post,7.58%
13-10-2020,11934.5,Post,7.61%
14-10-2020,11971.05,Post,7.94%
15-10-2020,11680.35,Post,5.32%
16-10-2020,11762.45,Post,6.06%
19-10-2020,11873.05,Post,7.06%
20-10-2020,11896.8,Post,7.27%
21-10-2020,11937.65,Post,7.64%
22-10-2020,11896.45,Post,7.27%
23-10-2020,11930.35,Post,7.57%
26-10-2020,11767.75,Post,6.11%
27-10-2020,11889.4,Post,7.21%
28-10-2020,11729.6,Post,5.76%
29-10-2020,11670.8,Post,5.23%
30-10-2020,11642.4,Post,4.98%
02-11-2020,11669.15,Post,5.22%
03-11-2020,11813.5,Post,6.52%
04-11-2020,11908.5,Post,7.38%
05-11-2020,12120.3,Post,9.29%
06-11-2020,12263.55,Post,10.58%
09-11-2020,12461.05,Post,12.36%
10-11-2020,12631.1,Post,13.89%
11-11-2020,12749.15,Post,14.96%
12-11-2020,12690.8,Post,14.43%
13-11-2020,12719.95,Post,14.69%
14-11-2020,12780.25,Post,15.24%
17-11-2020,12874.2,Post,16.09%
18-11-2020,12938.25,Post,16.66%
19-11-2020,12771.7,Post,15.16%
20-11-2020,12859.05,Post,15.95%
23-11-2020,12926.45,Post,16.56%
24-11-2020,13055.15,Post,17.72%
25-11-2020,12858.4,Post,15.94%
26-11-2020,12987,Post,17.10%
27-11-2020,12968.95,Post,16.94%
01-12-2020,13109.05,Post,18.20%
02-12-2020,13113.75,Post,18.25%
03-12-2020,13133.9,Post,18.43%
04-12-2020,13258.55,Post,19.55%
07-12-2020,13355.75,Post,20.43%
08-12-2020,13392.95,Post,20.76%
09-12-2020,13529.1,Post,21.99%
10-12-2020,13478.3,Post,21.53%
11-12-2020,13513.85,Post,21.85%
14-12-2020,13558.15,Post,22.25%
15-12-2020,13567.85,Post,22.34%
16-12-2020,13682.7,Post,23.38%
17-12-2020,13740.7,Post,23.90%
18-12-2020,13760.55,Post,24.08%
21-12-2020,13328.4,Post,20.18%
22-12-2020,13466.3,Post,21.42%
23-12-2020,13601.1,Post,22.64%
24-12-2020,13749.25,Post,23.98%
28-12-2020,13873.2,Post,25.09%
29-12-2020,13932.6,Post,25.63%
30-12-2020,13981.95,Post,26.07%
31-12-2020,13981.75,Post,26.07%
01-01-2021,14018.5,Post,26.40%
04-01-2021,14132.9,Post,27.43%
05-01-2021,14199.5,Post,28.04%
06-01-2021,14146.25,Post,27.55%
07-01-2021,14137.35,Post,27.47%
08-01-2021,14347.25,Post,29.37%
11-01-2021,14484.75,Post,30.61%
12-01-2021,14563.45,Post,31.32%
13-01-2021,14564.85,Post,31.33%
14-01-2021,14595.6,Post,31.61%
15-01-2021,14433.7,Post,30.15%
18-01-2021,14281.3,Post,28.77%
19-01-2021,14521.15,Post,30.94%
20-01-2021,14644.7,Post,32.05%
21-01-2021,14590.35,Post,31.56%
22-01-2021,14371.9,Post,29.59%
25-01-2021,14238.9,Post,28.39%
27-01-2021,13967.5,Post,25.94%
28-01-2021,13817.55,Post,24.59%
29-01-2021,13634.6,Post,22.94%
01-02-2021,14281.2,Post,28.77%
02-02-2021,14647.85,Post,32.08%
03-02-2021,14789.95,Post,33.36%
04-02-2021,14895.65,Post,34.31%
05-02-2021,14924.25,Post,34.57%
08-02-2021,15115.8,Post,36.30%
09-02-2021,15109.3,Post,36.24%
10-02-2021,15106.5,Post,36.21%
11-02-2021,15173.3,Post,36.82%
12-02-2021,15163.3,Post,36.73%
15-02-2021,15314.7,Post,38.09%
16-02-2021,15313.45,Post,38.08%
17-02-2021,15208.9,Post,37.14%
18-02-2021,15118.95,Post,36.33%
19-02-2021,14981.75,Post,35.09%
22-02-2021,14675.7,Post,32.33%
23-02-2021,14707.8,Post,32.62%
24-02-2021,14982,Post,35.09%
25-02-2021,15097.35,Post,36.13%
26-02-2021,14529.15,Post,31.01%
01-03-2021,14761.55,Post,33.10%
02-03-2021,14919.1,Post,34.52%
03-03-2021,15245.6,Post,37.47%
04-03-2021,15080.75,Post,35.98%
05-03-2021,14938.1,Post,34.69%
08-03-2021,14956.2,Post,34.86%
09-03-2021,15098.4,Post,36.14%
10-03-2021,15174.8,Post,36.83%
12-03-2021,15030.95,Post,35.53%
15-03-2021,14929.5,Post,34.62%
16-03-2021,14910.45,Post,34.45%
17-03-2021,14721.3,Post,32.74%
18-03-2021,14557.85,Post,31.27%
19-03-2021,14744,Post,32.94%
22-03-2021,14736.4,Post,32.88%
23-03-2021,14814.75,Post,33.58%
24-03-2021,14549.4,Post,31.19%
25-03-2021,14324.9,Post,29.17%
26-03-2021,14507.3,Post,30.81%
30-03-2021,14845.1,Post,33.86%
31-03-2021,14690.7,Post,32.46%
01-04-2021,14867.35,Post,34.06%
05-04-2021,14637.8,Post,31.99%
06-04-2021,14683.5,Post,32.40%
07-04-2021,14819.05,Post,33.62%
08-04-2021,14873.8,Post,34.12%
09-04-2021,14834.85,Post,33.76%
12-04-2021,14310.8,Post,29.04%
13-04-2021,14504.8,Post,30.79%
15-04-2021,14581.45,Post,31.48%
16-04-2021,14617.85,Post,31.81%
19-04-2021,14359.45,Post,29.48%
20-04-2021,14296.4,Post,28.91%
22-04-2021,14406.15,Post,29.90%
23-04-2021,14341.35,Post,29.31%
26-04-2021,14485,Post,30.61%
27-04-2021,14653.05,Post,32.12%
28-04-2021,14864.55,Post,34.03%
29-04-2021,14894.9,Post,34.31%
30-04-2021,14631.1,Post,31.93%
03-05-2021,14634.15,Post,31.95%
04-05-2021,14496.5,Post,30.71%
05-05-2021,14617.85,Post,31.81%
06-05-2021,14724.8,Post,32.77%
07-05-2021,14823.15,Post,33.66%
10-05-2021,14942.35,Post,34.73%
11-05-2021,14850.75,Post,33.91%
12-05-2021,14696.5,Post,32.52%
14-05-2021,14677.8,Post,32.35%
17-05-2021,14923.15,Post,34.56%
18-05-2021,15108.1,Post,36.23%
19-05-2021,15030.15,Post,35.52%
20-05-2021,14906.05,Post,34.41%
21-05-2021,15175.3,Post,36.83%
24-05-2021,15197.7,Post,37.04%
25-05-2021,15208.45,Post,37.13%
26-05-2021,15301.45,Post,37.97%
27-05-2021,15337.85,Post,38.30%
28-05-2021,15435.65,Post,39.18%
31-05-2021,15582.8,Post,40.51%
01-06-2021,15574.85,Post,40.44%
02-06-2021,15576.2,Post,40.45%
03-06-2021,15690.35,Post,41.48%
04-06-2021,15670.25,Post,41.30%
07-06-2021,15751.65,Post,42.03%
08-06-2021,15740.1,Post,41.93%
09-06-2021,15635.35,Post,40.98%
10-06-2021,15737.75,Post,41.91%
11-06-2021,15799.35,Post,42.46%
14-06-2021,15811.85,Post,42.57%
15-06-2021,15869.25,Post,43.09%
16-06-2021,15767.55,Post,42.17%
17-06-2021,15691.4,Post,41.49%
18-06-2021,15683.35,Post,41.41%
21-06-2021,15746.5,Post,41.98%
22-06-2021,15772.75,Post,42.22%
23-06-2021,15686.95,Post,41.45%
24-06-2021,15790.45,Post,42.38%
25-06-2021,15860.35,Post,43.01%
28-06-2021,15814.7,Post,42.60%
29-06-2021,15748.45,Post,42.00%
30-06-2021,15721.5,Post,41.76%
01-07-2021,15680,Post,41.38%
02-07-2021,15722.2,Post,41.77%
05-07-2021,15834.35,Post,42.78%
06-07-2021,15818.25,Post,42.63%
07-07-2021,15879.65,Post,43.18%
08-07-2021,15727.9,Post,41.82%
09-07-2021,15689.8,Post,41.47%
12-07-2021,15692.6,Post,41.50%
13-07-2021,15812.35,Post,42.58%
14-07-2021,15853.95,Post,42.95%
15-07-2021,15924.2,Post,43.59%
16-07-2021,15923.4,Post,43.58%
19-07-2021,15752.4,Post,42.04%
20-07-2021,15632.1,Post,40.95%
22-07-2021,15824.05,Post,42.68%
23-07-2021,15856.05,Post,42.97%
26-07-2021,15824.45,Post,42.69%
27-07-2021,15746.45,Post,41.98%
28-07-2021,15709.4,Post,41.65%
29-07-2021,15778.45,Post,42.27%
30-07-2021,15763.05,Post,42.13%
02-08-2021,15885.15,Post,43.23%
03-08-2021,16130.75,Post,45.45%
04-08-2021,16258.8,Post,46.60%
05-08-2021,16294.6,Post,46.93%
06-08-2021,16238.2,Post,46.42%
09-08-2021,16258.25,Post,46.60%
10-08-2021,16280.1,Post,46.80%
11-08-2021,16282.25,Post,46.82%
12-08-2021,16364.4,Post,47.56%
13-08-2021,16529.09,Post,49.04%
16-08-2021,16563.05,Post,49.35%
17-08-2021,16614.59,Post,49.81%
18-08-2021,16568.84,Post,49.40%
20-08-2021,16450.5,Post,48.33%
23-08-2021,16496.45,Post,48.75%
24-08-2021,16624.59,Post,49.90%
25-08-2021,16634.65,Post,49.99%
26-08-2021,16636.9,Post,50.01%
27-08-2021,16705.2,Post,50.63%
30-08-2021,16931.05,Post,52.67%
31-08-2021,17132.2,Post,54.48%
01-09-2021,17076.25,Post,53.97%
02-09-2021,17234.15,Post,55.40%
03-09-2021,17323.59,Post,56.20%
06-09-2021,17377.8,Post,56.69%
07-09-2021,17362.09,Post,56.55%
08-09-2021,17353.5,Post,56.47%
09-09-2021,17369.25,Post,56.62%
13-09-2021,17355.3,Post,56.49%
14-09-2021,17380,Post,56.71%
15-09-2021,17519.45,Post,57.97%
16-09-2021,17629.5,Post,58.96%
17-09-2021,17585.15,Post,58.56%
20-09-2021,17396.9,Post,56.87%
21-09-2021,17562,Post,58.35%
22-09-2021,17546.65,Post,58.22%
23-09-2021,17822.95,Post,60.71%
24-09-2021,17853.2,Post,60.98%
27-09-2021,17855.09,Post,61.00%
28-09-2021,17748.59,Post,60.04%
29-09-2021,17711.3,Post,59.70%
30-09-2021,17618.15,Post,58.86%
01-10-2021,17532.05,Post,58.08%
04-10-2021,17691.25,Post,59.52%
05-10-2021,17822.3,Post,60.70%
06-10-2021,17646,Post,59.11%
07-10-2021,17790.34,Post,60.41%
08-10-2021,17895.2,Post,61.36%
11-10-2021,17945.95,Post,61.82%
12-10-2021,17991.95,Post,62.23%
13-10-2021,18161.75,Post,63.76%
14-10-2021,18338.55,Post,65.36%
18-10-2021,18477.05,Post,66.61%
19-10-2021,18418.75,Post,66.08%
20-10-2021,18266.59,Post,64.71%
21-10-2021,18178.09,Post,63.91%
22-10-2021,18114.9,Post,63.34%
25-10-2021,18125.4,Post,63.43%
26-10-2021,18268.4,Post,64.72%
27-10-2021,18210.95,Post,64.21%
28-10-2021,17857.25,Post,61.02%
29-10-2021,17671.65,Post,59.34%
01-11-2021,17929.65,Post,61.67%
02-11-2021,17888.95,Post,61.30%
03-11-2021,17829.2,Post,60.76%
04-11-2021,17916.8,Post,61.55%
08-11-2021,18068.55,Post,62.92%
09-11-2021,18044.25,Post,62.70%
10-11-2021,18017.2,Post,62.46%
11-11-2021,17873.59,Post,61.16%
12-11-2021,18102.75,Post,63.23%
15-11-2021,18109.45,Post,63.29%
16-11-2021,17999.2,Post,62.30%
17-11-2021,17898.65,Post,61.39%
18-11-2021,17764.8,Post,60.18%
22-11-2021,17416.55,Post,57.04%
23-11-2021,17503.34,Post,57.83%
24-11-2021,17415.05,Post,57.03%
25-11-2021,17536.25,Post,58.12%
26-11-2021,17026.45,Post,53.53%
29-11-2021,17053.95,Post,53.77%
30-11-2021,16983.2,Post,53.14%
01-12-2021,17166.9,Post,54.79%
02-12-2021,17401.65,Post,56.91%
03-12-2021,17196.7,Post,55.06%
06-12-2021,16912.25,Post,52.50%
07-12-2021,17176.7,Post,54.88%
08-12-2021,17469.75,Post,57.52%
09-12-2021,17516.84,Post,57.95%
10-12-2021,17511.3,Post,57.90%
13-12-2021,17368.25,Post,56.61%
14-12-2021,17324.9,Post,56.22%
15-12-2021,17221.4,Post,55.28%
16-12-2021,17248.4,Post,55.53%
17-12-2021,16985.2,Post,53.15%
20-12-2021,16614.2,Post,49.81%
21-12-2021,16770.84,Post,51.22%
22-12-2021,16955.45,Post,52.89%
23-12-2021,17072.59,Post,53.94%
24-12-2021,17003.75,Post,53.32%
27-12-2021,17086.25,Post,54.06%
28-12-2021,17233.25,Post,55.39%
29-12-2021,17213.59,Post,55.21%
30-12-2021,17203.95,Post,55.13%
31-12-2021,17354.05,Post,56.48%
03-01-2022,17625.7,Post,58.93%
04-01-2022,17805.25,Post,60.55%
05-01-2022,17925.25,Post,61.63%
06-01-2022,17745.9,Post,60.01%
07-01-2022,17812.7,Post,60.61%
10-01-2022,18003.3,Post,62.33%
11-01-2022,18055.75,Post,62.81%
12-01-2022,18212.34,Post,64.22%
13-01-2022,18257.8,Post,64.63%
14-01-2022,18255.75,Post,64.61%
17-01-2022,18308.09,Post,65.08%
18-01-2022,18113.05,Post,63.32%
19-01-2022,17938.4,Post,61.75%
20-01-2022,17757,Post,60.11%
21-01-2022,17617.15,Post,58.85%
24-01-2022,17149.09,Post,54.63%
25-01-2022,17277.95,Post,55.79%
27-01-2022,17110.15,Post,54.28%
28-01-2022,17101.95,Post,54.21%
31-01-2022,17339.84,Post,56.35%
01-02-2022,17576.84,Post,58.49%
02-02-2022,17780,Post,60.32%
03-02-2022,17560.2,Post,58.34%
04-02-2022,17516.3,Post,57.94%
07-02-2022,17213.59,Post,55.21%
08-02-2022,17266.75,Post,55.69%
09-02-2022,17463.8,Post,57.47%
10-02-2022,17605.85,Post,58.75%
11-02-2022,17374.75,Post,56.67%
14-02-2022,16842.8,Post,51.87%
15-02-2022,17352.45,Post,56.46%
16-02-2022,17322.2,Post,56.19%
17-02-2022,17304.6,Post,56.03%
18-02-2022,17276.3,Post,55.78%
21-02-2022,17206.65,Post,55.15%
22-02-2022,17092.2,Post,54.12%
23-02-2022,17063.25,Post,53.86%
24-02-2022,16247.95,Post,46.51%
25-02-2022,16658.4,Post,50.21%
28-02-2022,16793.9,Post,51.43%
02-03-2022,16605.95,Post,49.73%
03-03-2022,16498.05,Post,48.76%
04-03-2022,16245.35,Post,46.48%
07-03-2022,15863.15,Post,43.04%
08-03-2022,16013.45,Post,44.39%
09-03-2022,16345.35,Post,47.38%
10-03-2022,16594.9,Post,49.63%
11-03-2022,16630.45,Post,49.95%
14-03-2022,16871.3,Post,52.13%
15-03-2022,16663,Post,50.25%
16-03-2022,16975.35,Post,53.06%
17-03-2022,17287.05,Post,55.88%
21-03-2022,17117.6,Post,54.35%
22-03-2022,17315.5,Post,56.13%
23-03-2022,17245.65,Post,55.50%
24-03-2022,17222.75,Post,55.30%
25-03-2022,17153,Post,54.67%
28-03-2022,17222,Post,55.29%
29-03-2022,17325.3,Post,56.22%
30-03-2022,17498.25,Post,57.78%
31-03-2022,17464.75,Post,57.48%
01-04-2022,17670.45,Post,59.33%
04-04-2022,18053.4,Post,62.79%
05-04-2022,17957.4,Post,61.92%
06-04-2022,17807.65,Post,60.57%
07-04-2022,17639.55,Post,59.05%
08-04-2022,17784.35,Post,60.36%
11-04-2022,17674.95,Post,59.37%
12-04-2022,17530.3,Post,58.07%
13-04-2022,17475.65,Post,57.58%
18-04-2022,17173.65,Post,54.85%
19-04-2022,16958.65,Post,52.91%
20-04-2022,17136.55,Post,54.52%
21-04-2022,17392.6,Post,56.83%
22-04-2022,17171.95,Post,54.84%
25-04-2022,16953.95,Post,52.87%
26-04-2022,17200.8,Post,55.10%
27-04-2022,17038.4,Post,53.63%
28-04-2022,17245.05,Post,55.50%
29-04-2022,17102.55,Post,54.21%
02-05-2022,17069.1,Post,53.91%
04-05-2022,16677.6,Post,50.38%
05-05-2022,16682.65,Post,50.43%
06-05-2022,16411.25,Post,47.98%
09-05-2022,16301.85,Post,46.99%
10-05-2022,16240.05,Post,46.43%
11-05-2022,16167.1,Post,45.78%
12-05-2022,15808,Post,42.54%
13-05-2022,15782.15,Post,42.31%
16-05-2022,15842.3,Post,42.85%
17-05-2022,16259.3,Post,46.61%
18-05-2022,16240.3,Post,46.44%
19-05-2022,15809.4,Post,42.55%
20-05-2022,16266.15,Post,46.67%
23-05-2022,16214.7,Post,46.21%
24-05-2022,16125.15,Post,45.40%
25-05-2022,16025.8,Post,44.50%
26-05-2022,16170.15,Post,45.80%
27-05-2022,16352.45,Post,47.45%
30-05-2022,16661.4,Post,50.23%
31-05-2022,16584.55,Post,49.54%
01-06-2022,16522.75,Post,48.98%
02-06-2022,16628,Post,49.93%
03-06-2022,16584.3,Post,49.54%
06-06-2022,16569.55,Post,49.41%
07-06-2022,16416.35,Post,48.02%
08-06-2022,16356.25,Post,47.48%
09-06-2022,16478.1,Post,48.58%
10-06-2022,16201.8,Post,46.09%
13-06-2022,15774.4,Post,42.24%
14-06-2022,15732.1,Post,41.85%
15-06-2022,15692.15,Post,41.49%
16-06-2022,15360.6,Post,38.50%
17-06-2022,15293.5,Post,37.90%
20-06-2022,15350.15,Post,38.41%
21-06-2022,15638.8,Post,41.01%
22-06-2022,15413.3,Post,38.98%
23-06-2022,15556.65,Post,40.27%
24-06-2022,15699.25,Post,41.56%
27-06-2022,15832.05,Post,42.76%
28-06-2022,15850.2,Post,42.92%
29-06-2022,15799.1,Post,42.46%
30-06-2022,15780.25,Post,42.29%
01-07-2022,15752.05,Post,42.03%
04-07-2022,15835.35,Post,42.79%
05-07-2022,15810.85,Post,42.56%
06-07-2022,15989.8,Post,44.18%
07-07-2022,16132.9,Post,45.47%
08-07-2022,16220.6,Post,46.26%
11-07-2022,16216,Post,46.22%
12-07-2022,16058.3,Post,44.80%
13-07-2022,15966.65,Post,43.97%
14-07-2022,15938.65,Post,43.72%
15-07-2022,16049.2,Post,44.71%
18-07-2022,16278.5,Post,46.78%
19-07-2022,16340.55,Post,47.34%
20-07-2022,16520.85,Post,48.97%
21-07-2022,16605.25,Post,49.73%
22-07-2022,16719.45,Post,50.76%
25-07-2022,16631,Post,49.96%
26-07-2022,16483.85,Post,48.63%
27-07-2022,16641.8,Post,50.06%
28-07-2022,16929.6,Post,52.65%
29-07-2022,17158.25,Post,54.71%
01-08-2022,17340.05,Post,56.35%
02-08-2022,17345.45,Post,56.40%
03-08-2022,17388.15,Post,56.79%
04-08-2022,17382,Post,56.73%
05-08-2022,17397.5,Post,56.87%
08-08-2022,17525.1,Post,58.02%
10-08-2022,17534.75,Post,58.11%
11-08-2022,17659,Post,59.23%
12-08-2022,17698.15,Post,59.58%
16-08-2022,17825.25,Post,60.73%
17-08-2022,17944.25,Post,61.80%
18-08-2022,17956.5,Post,61.91%
19-08-2022,17758.45,Post,60.13%
22-08-2022,17490.7,Post,57.71%
23-08-2022,17577.5,Post,58.49%
24-08-2022,17604.95,Post,58.74%
25-08-2022,17522.45,Post,58.00%
26-08-2022,17558.9,Post,58.33%
29-08-2022,17312.9,Post,56.11%
30-08-2022,17759.3,Post,60.13%
01-09-2022,17542.8,Post,58.18%
02-09-2022,17539.45,Post,58.15%
05-09-2022,17665.8,Post,59.29%
06-09-2022,17655.6,Post,59.20%
07-09-2022,17624.4,Post,58.92%
08-09-2022,17798.75,Post,60.49%
09-09-2022,17833.35,Post,60.80%
12-09-2022,17936.35,Post,61.73%
13-09-2022,18070.05,Post,62.94%
14-09-2022,18003.75,Post,62.34%
15-09-2022,17877.4,Post,61.20%
16-09-2022,17530.85,Post,58.07%
19-09-2022,17622.25,Post,58.90%
20-09-2022,17816.25,Post,60.65%
21-09-2022,17718.35,Post,59.76%
22-09-2022,17629.8,Post,58.97%
23-09-2022,17327.35,Post,56.24%
26-09-2022,17016.3,Post,53.43%
27-09-2022,17007.4,Post,53.35%
28-09-2022,16858.6,Post,52.01%
29-09-2022,16818.1,Post,51.65%
30-09-2022,17094.35,Post,54.14%
03-10-2022,16887.35,Post,52.27%
04-10-2022,17274.3,Post,55.76%
06-10-2022,17331.8,Post,56.28%
07-10-2022,17314.65,Post,56.12%
10-10-2022,17241,Post,55.46%
11-10-2022,16983.55,Post,53.14%
12-10-2022,17123.6,Post,54.40%
13-10-2022,17014.35,Post,53.42%
14-10-2022,17185.7,Post,54.96%
17-10-2022,17311.8,Post,56.10%
18-10-2022,17486.95,Post,57.68%
19-10-2022,17512.25,Post,57.91%
20-10-2022,17563.95,Post,58.37%
21-10-2022,17576.3,Post,58.48%
24-10-2022,17730.75,Post,59.88%
25-10-2022,17656.35,Post,59.21%
27-10-2022,17736.95,Post,59.93%
28-10-2022,17786.8,Post,60.38%
31-10-2022,18012.2,Post,62.41%
01-11-2022,18145.4,Post,63.61%
02-11-2022,18082.85,Post,63.05%
03-11-2022,18052.7,Post,62.78%
04-11-2022,18117.15,Post,63.36%
07-11-2022,18202.8,Post,64.13%
09-11-2022,18157,Post,63.72%
10-11-2022,18028.2,Post,62.56%
11-11-2022,18349.7,Post,65.46%
14-11-2022,18329.15,Post,65.27%
15-11-2022,18403.4,Post,65.94%
16-11-2022,18409.65,Post,66.00%
17-11-2022,18343.9,Post,65.40%
18-11-2022,18307.65,Post,65.08%
21-11-2022,18159.95,Post,63.75%
22-11-2022,18244.2,Post,64.51%
23-11-2022,18267.25,Post,64.71%
24-11-2022,18484.1,Post,66.67%
25-11-2022,18512.75,Post,66.93%
28-11-2022,18562.75,Post,67.38%
29-11-2022,18618.05,Post,67.88%
30-11-2022,18758.35,Post,69.14%
01-12-2022,18812.5,Post,69.63%
02-12-2022,18696.1,Post,68.58%
05-12-2022,18701.05,Post,68.63%
06-12-2022,18642.75,Post,68.10%
07-12-2022,18560.5,Post,67.36%
08-12-2022,18609.35,Post,67.80%
09-12-2022,18496.6,Post,66.78%
12-12-2022,18497.15,Post,66.79%
13-12-2022,18608,Post,67.79%
14-12-2022,18660.3,Post,68.26%
15-12-2022,18414.9,Post,66.04%
16-12-2022,18269,Post,64.73%
19-12-2022,18420.45,Post,66.09%
20-12-2022,18385.3,Post,65.78%
21-12-2022,18199.1,Post,64.10%
22-12-2022,18127.35,Post,63.45%
23-12-2022,17806.8,Post,60.56%
26-12-2022,18014.6,Post,62.44%
27-12-2022,18132.3,Post,63.50%
28-12-2022,18122.5,Post,63.41%
29-12-2022,18191,Post,64.03%
30-12-2022,18105.3,Post,63.25%
02-01-2023,18197.45,Post,64.08%
03-01-2023,18232.55,Post,64.40%
04-01-2023,18042.95,Post,62.69%
05-01-2023,17992.15,Post,62.23%
06-01-2023,17859.45,Post,61.04%
09-01-2023,18101.2,Post,63.22%
10-01-2023,17914.15,Post,61.53%
11-01-2023,17895.7,Post,61.36%
12-01-2023,17858.2,Post,61.03%
13-01-2023,17956.6,Post,61.91%
16-01-2023,17894.85,Post,61.36%
17-01-2023,18053.3,Post,62.78%
18-01-2023,18165.35,Post,63.79%
19-01-2023,18107.85,Post,63.28%
20-01-2023,18027.65,Post,62.55%
23-01-2023,18118.55,Post,63.37%
24-01-2023,18118.3,Post,63.37%
25-01-2023,17891.95,Post,61.33%
27-01-2023,17604.35,Post,58.74%
30-01-2023,17648.95,Post,59.14%
31-01-2023,17662.15,Post,59.26%
01-02-2023,17616.3,Post,58.84%
02-02-2023,17610.4,Post,58.79%
03-02-2023,17854.05,Post,60.99%
06-02-2023,17764.6,Post,60.18%
07-02-2023,17721.5,Post,59.79%
08-02-2023,17871.7,Post,61.15%
09-02-2023,17893.45,Post,61.34%
10-02-2023,17856.5,Post,61.01%
13-02-2023,17770.9,Post,60.24%
14-02-2023,17929.85,Post,61.67%
15-02-2023,18015.85,Post,62.45%
16-02-2023,18035.85,Post,62.63%
17-02-2023,17944.2,Post,61.80%
20-02-2023,17844.6,Post,60.90%
21-02-2023,17826.7,Post,60.74%
22-02-2023,17554.3,Post,58.28%
23-02-2023,17511.25,Post,57.90%
24-02-2023,17465.8,Post,57.49%
27-02-2023,17392.7,Post,56.83%
28-02-2023,17303.95,Post,56.03%
01-03-2023,17450.9,Post,57.35%
02-03-2023,17321.9,Post,56.19%
03-03-2023,17594.35,Post,58.65%
06-03-2023,17711.45,Post,59.70%
08-03-2023,17754.4,Post,60.09%
09-03-2023,17589.6,Post,58.60%
10-03-2023,17412.9,Post,57.01%
13-03-2023,17154.3,Post,54.68%
14-03-2023,17043.3,Post,53.68%
15-03-2023,16972.15,Post,53.04%
16-03-2023,16985.6,Post,53.16%
17-03-2023,17100.05,Post,54.19%
20-03-2023,16988.4,Post,53.18%
21-03-2023,17107.5,Post,54.26%
22-03-2023,17151.9,Post,54.66%
23-03-2023,17076.9,Post,53.98%
24-03-2023,16945.05,Post,52.79%
27-03-2023,16985.7,Post,53.16%
28-03-2023,16951.7,Post,52.85%
29-03-2023,17080.7,Post,54.01%
31-03-2023,17359.75,Post,56.53%
03-04-2023,17398.05,Post,56.88%
05-04-2023,17557.05,Post,58.31%
06-04-2023,17599.15,Post,58.69%
10-04-2023,17624.05,Post,58.91%
11-04-2023,17722.3,Post,59.80%
12-04-2023,17812.4,Post,60.61%
13-04-2023,17828,Post,60.75%
17-04-2023,17706.85,Post,59.66%
18-04-2023,17660.15,Post,59.24%
19-04-2023,17618.75,Post,58.87%
20-04-2023,17624.45,Post,58.92%
21-04-2023,17624.05,Post,58.91%
24-04-2023,17743.4,Post,59.99%
25-04-2023,17769.25,Post,60.22%
26-04-2023,17813.6,Post,60.62%
27-04-2023,17915.05,Post,61.54%
28-04-2023,18065,Post,62.89%
02-05-2023,18147.65,Post,63.64%
03-05-2023,18089.85,Post,63.11%
04-05-2023,18255.8,Post,64.61%
05-05-2023,18069,Post,62.93%
08-05-2023,18264.4,Post,64.69%
09-05-2023,18265.95,Post,64.70%
10-05-2023,18315.1,Post,65.14%
11-05-2023,18297,Post,64.98%
12-05-2023,18314.8,Post,65.14%
15-05-2023,18398.85,Post,65.90%
16-05-2023,18286.5,Post,64.89%
17-05-2023,18181.75,Post,63.94%
18-05-2023,18129.95,Post,63.48%
19-05-2023,18203.4,Post,64.14%
22-05-2023,18314.4,Post,65.14%
23-05-2023,18348,Post,65.44%
24-05-2023,18285.4,Post,64.88%
25-05-2023,18321.15,Post,65.20%
26-05-2023,18499.35,Post,66.81%
29-05-2023,18598.65,Post,67.70%
30-05-2023,18633.85,Post,68.02%
31-05-2023,18534.4,Post,67.12%
01-06-2023,18487.75,Post,66.70%
02-06-2023,18534.1,Post,67.12%
05-06-2023,18593.85,Post,67.66%
06-06-2023,18599,Post,67.70%
07-06-2023,18726.4,Post,68.85%
08-06-2023,18634.55,Post,68.03%
09-06-2023,18563.4,Post,67.38%
12-06-2023,18601.5,Post,67.73%
13-06-2023,18716.15,Post,68.76%
14-06-2023,18755.9,Post,69.12%
15-06-2023,18688.1,Post,68.51%
16-06-2023,18826,Post,69.75%
19-06-2023,18755.45,Post,69.12%
20-06-2023,18816.7,Post,69.67%
21-06-2023,18856.85,Post,70.03%
22-06-2023,18771.25,Post,69.26%
23-06-2023,18665.5,Post,68.30%
26-06-2023,18691.2,Post,68.54%
27-06-2023,18817.4,Post,69.67%
28-06-2023,18972.1,Post,71.07%
30-06-2023,19189.05,Post,73.03%
03-07-2023,19322.55,Post,74.23%
04-07-2023,19389,Post,74.83%
05-07-2023,19398.5,Post,74.91%
06-07-2023,19497.3,Post,75.80%
07-07-2023,19331.8,Post,74.31%
10-07-2023,19355.9,Post,74.53%
11-07-2023,19439.4,Post,75.28%
12-07-2023,19384.3,Post,74.79%
13-07-2023,19413.75,Post,75.05%
14-07-2023,19564.5,Post,76.41%
17-07-2023,19711.45,Post,77.74%
18-07-2023,19749.25,Post,78.08%
19-07-2023,19833.15,Post,78.83%
20-07-2023,19979.15,Post,80.15%
21-07-2023,19745,Post,78.04%
24-07-2023,19672.35,Post,77.38%
25-07-2023,19680.6,Post,77.46%
26-07-2023,19778.3,Post,78.34%
27-07-2023,19659.9,Post,77.27%
28-07-2023,19646.05,Post,77.15%
31-07-2023,19753.8,Post,78.12%
01-08-2023,19733.55,Post,77.93%
02-08-2023,19526.55,Post,76.07%
03-08-2023,19381.65,Post,74.76%
04-08-2023,19517,Post,75.98%
07-08-2023,19597.3,Post,76.71%
08-08-2023,19570.85,Post,76.47%
09-08-2023,19632.55,Post,77.02%
10-08-2023,19543.1,Post,76.22%
11-08-2023,19428.3,Post,75.18%
14-08-2023,19434.55,Post,75.24%
16-08-2023,19465,Post,75.51%
17-08-2023,19365.25,Post,74.61%
18-08-2023,19310.15,Post,74.12%
21-08-2023,19393.6,Post,74.87%
22-08-2023,19396.45,Post,74.90%
23-08-2023,19444,Post,75.32%
24-08-2023,19386.7,Post,74.81%
25-08-2023,19265.8,Post,73.72%
28-08-2023,19306.05,Post,74.08%
29-08-2023,19342.65,Post,74.41%
30-08-2023,19347.45,Post,74.45%
31-08-2023,19253.8,Post,73.61%
01-09-2023,19435.3,Post,75.25%
04-09-2023,19528.8,Post,76.09%
05-09-2023,19574.9,Post,76.50%
06-09-2023,19611.05,Post,76.83%
07-09-2023,19727.05,Post,77.88%
08-09-2023,19819.95,Post,78.71%
11-09-2023,19996.35,Post,80.30%
12-09-2023,19993.2,Post,80.28%
13-09-2023,20070,Post,80.97%
14-09-2023,20103.1,Post,81.27%
15-09-2023,20192.35,Post,82.07%
18-09-2023,20133.3,Post,81.54%
20-09-2023,19901.4,Post,79.45%
21-09-2023,19742.35,Post,78.01%
22-09-2023,19674.25,Post,77.40%
25-09-2023,19674.55,Post,77.40%
26-09-2023,19664.7,Post,77.31%
27-09-2023,19716.45,Post,77.78%
28-09-2023,19523.55,Post,76.04%
29-09-2023,19638.3,Post,77.08%
03-10-2023,19528.75,Post,76.09%
04-10-2023,19436.1,Post,75.25%
05-10-2023,19545.75,Post,76.24%
06-10-2023,19653.5,Post,77.21%
09-10-2023,19512.35,Post,75.94%
10-10-2023,19689.85,Post,77.54%
11-10-2023,19811.35,Post,78.64%
12-10-2023,19794,Post,78.48%
13-10-2023,19751.05,Post,78.09%
16-10-2023,19731.75,Post,77.92%
17-10-2023,19811.5,Post,78.64%
18-10-2023,19671.1,Post,77.37%
19-10-2023,19624.7,Post,76.95%
20-10-2023,19542.65,Post,76.21%
23-10-2023,19281.75,Post,73.86%
25-10-2023,19122.15,Post,72.42%
26-10-2023,18857.25,Post,70.03%
27-10-2023,19047.25,Post,71.75%
30-10-2023,19140.9,Post,72.59%
31-10-2023,19079.6,Post,72.04%
01-11-2023,18989.15,Post,71.22%
02-11-2023,19133.25,Post,72.52%
03-11-2023,19230.6,Post,73.40%
06-11-2023,19411.75,Post,75.03%
07-11-2023,19406.7,Post,74.99%
08-11-2023,19443.5,Post,75.32%
09-11-2023,19395.3,Post,74.88%
10-11-2023,19425.35,Post,75.16%
12-11-2023,19525.55,Post,76.06%
13-11-2023,19443.55,Post,75.32%
15-11-2023,19675.45,Post,77.41%
16-11-2023,19765.2,Post,78.22%
17-11-2023,19731.8,Post,77.92%
20-11-2023,19694,Post,77.58%
21-11-2023,19783.4,Post,78.38%
22-11-2023,19811.85,Post,78.64%
23-11-2023,19802,Post,78.55%
24-11-2023,19794.7,Post,78.49%
28-11-2023,19889.7,Post,79.34%
29-11-2023,20096.6,Post,81.21%
30-11-2023,20133.15,Post,81.54%
01-12-2023,20267.9,Post,82.75%
04-12-2023,20686.8,Post,86.53%
05-12-2023,20855.1,Post,88.05%
06-12-2023,20937.7,Post,88.79%
07-12-2023,20901.15,Post,88.46%
08-12-2023,20969.4,Post,89.08%
11-12-2023,20997.1,Post,89.33%
12-12-2023,20906.4,Post,88.51%
13-12-2023,20926.35,Post,88.69%
14-12-2023,21182.7,Post,91.00%
15-12-2023,21456.65,Post,93.47%
18-12-2023,21418.65,Post,93.13%
19-12-2023,21453.1,Post,93.44%
20-12-2023,21150.15,Post,90.71%
21-12-2023,21255.05,Post,91.65%
22-12-2023,21349.4,Post,92.50%
26-12-2023,21441.35,Post,93.33%
27-12-2023,21654.75,Post,95.26%
28-12-2023,21778.7,Post,96.38%
29-12-2023,21731.4,Post,95.95%
01-01-2024,21741.9,Post,96.04%
02-01-2024,21665.8,Post,95.36%
03-01-2024,21517.35,Post,94.02%
04-01-2024,21658.6,Post,95.29%
05-01-2024,21710.8,Post,95.76%
08-01-2024,21513,Post,93.98%
09-01-2024,21544.85,Post,94.27%
10-01-2024,21618.7,Post,94.93%
11-01-2024,21647.2,Post,95.19%
12-01-2024,21894.55,Post,97.42%
15-01-2024,22097.45,Post,99.25%
16-01-2024,22032.3,Post,98.66%
17-01-2024,21571.95,Post,94.51%
18-01-2024,21462.25,Post,93.52%
19-01-2024,21622.4,Post,94.97%
20-01-2024,21571.8,Post,94.51%
23-01-2024,21238.8,Post,91.51%
24-01-2024,21453.95,Post,93.45%
25-01-2024,21352.6,Post,92.53%
29-01-2024,21737.6,Post,96.01%
30-01-2024,21522.1,Post,94.06%
31-01-2024,21725.7,Post,95.90%
01-02-2024,21697.45,Post,95.64%
02-02-2024,21853.8,Post,97.05%
05-02-2024,21771.7,Post,96.31%
06-02-2024,21929.4,Post,97.73%
07-02-2024,21930.5,Post,97.74%
08-02-2024,21717.95,Post,95.83%
09-02-2024,21782.5,Post,96.41%
12-02-2024,21616.05,Post,94.91%
13-02-2024,21743.25,Post,96.06%
14-02-2024,21840.05,Post,96.93%
15-02-2024,21910.75,Post,97.57%
16-02-2024,22040.7,Post,98.74%
19-02-2024,22122.25,Post,99.47%
20-02-2024,22196.95,Post,100.15%
21-02-2024,22055.05,Post,98.87%
22-02-2024,22217.45,Post,100.33%
23-02-2024,22212.7,Post,100.29%
26-02-2024,22122.05,Post,99.47%
27-02-2024,22198.35,Post,100.16%
28-02-2024,21951.15,Post,97.93%
29-02-2024,21982.8,Post,98.22%
01-03-2024,22338.75,Post,101.43%
02-03-2024,22378.4,Post,101.78%
04-03-2024,22405.6,Post,102.03%
05-03-2024,22356.3,Post,101.58%
06-03-2024,22474.05,Post,102.65%
07-03-2024,22493.55,Post,102.82%
11-03-2024,22332.65,Post,101.37%
12-03-2024,22335.7,Post,101.40%
13-03-2024,21997.7,Post,98.35%
14-03-2024,22146.65,Post,99.69%
15-03-2024,22023.35,Post,98.58%
18-03-2024,22055.7,Post,98.87%
19-03-2024,21817.45,Post,96.73%
20-03-2024,21839.1,Post,96.92%
21-03-2024,22011.95,Post,98.48%
22-03-2024,22096.75,Post,99.24%
26-03-2024,22004.7,Post,98.41%
27-03-2024,22123.65,Post,99.49%
28-03-2024,22326.9,Post,101.32%
01-04-2024,22462,Post,102.54%
02-04-2024,22453.3,Post,102.46%
03-04-2024,22434.65,Post,102.29%
04-04-2024,22514.65,Post,103.01%
05-04-2024,22513.7,Post,103.00%
08-04-2024,22666.3,Post,104.38%
09-04-2024,22642.75,Post,104.17%
10-04-2024,22753.8,Post,105.17%
12-04-2024,22519.4,Post,103.05%
15-04-2024,22272.5,Post,100.83%
16-04-2024,22147.9,Post,99.70%
18-04-2024,21995.85,Post,98.33%
19-04-2024,22147,Post,99.70%
22-04-2024,22336.4,Post,101.40%
23-04-2024,22368,Post,101.69%
24-04-2024,22402.4,Post,102.00%
25-04-2024,22570.35,Post,103.51%
26-04-2024,22419.95,Post,102.16%
29-04-2024,22643.4,Post,104.17%
30-04-2024,22604.85,Post,103.83%
02-05-2024,22648.2,Post,104.22%
03-05-2024,22475.85,Post,102.66%
06-05-2024,22442.7,Post,102.36%
07-05-2024,22302.5,Post,101.10%
08-05-2024,22302.5,Post,101.10%
09-05-2024,21957.5,Post,97.99%
10-05-2024,22055.2,Post,98.87%
13-05-2024,22104.05,Post,99.31%
14-05-2024,22217.85,Post,100.34%
15-05-2024,22200.55,Post,100.18%
16-05-2024,22403.85,Post,102.01%
17-05-2024,22466.1,Post,102.57%
18-05-2024,22502,Post,102.90%
21-05-2024,22529.05,Post,103.14%
22-05-2024,22597.8,Post,103.76%
23-05-2024,22967.65,Post,107.10%
24-05-2024,22957.1,Post,107.00%
27-05-2024,22932.45,Post,106.78%
28-05-2024,22888.15,Post,106.38%
29-05-2024,22704.7,Post,104.73%
30-05-2024,22488.65,Post,102.78%
31-05-2024,22530.7,Post,103.16%
03-06-2024,23263.9,Post,109.77%
04-06-2024,21884.5,Post,97.33%
05-06-2024,22620.35,Post,103.96%
06-06-2024,22821.4,Post,105.78%
07-06-2024,23290.15,Post,110.00%
10-06-2024,23259.2,Post,109.73%
11-06-2024,23264.85,Post,109.78%
12-06-2024,23322.95,Post,110.30%
13-06-2024,23398.9,Post,110.98%
14-06-2024,23465.6,Post,111.59%
18-06-2024,23557.9,Post,112.42%
19-06-2024,23516,Post,112.04%
20-06-2024,23567,Post,112.50%
21-06-2024,23501.1,Post,111.91%
24-06-2024,23537.85,Post,112.24%
25-06-2024,23721.3,Post,113.89%
26-06-2024,23868.8,Post,115.22%
27-06-2024,24044.5,Post,116.81%
28-06-2024,24010.6,Post,116.50%
01-07-2024,24141.95,Post,117.68%
02-07-2024,24123.85,Post,117.52%
03-07-2024,24286.5,Post,118.99%
04-07-2024,24302.15,Post,119.13%
05-07-2024,24323.85,Post,119.33%
08-07-2024,24320.55,Post,119.30%
09-07-2024,24433.2,Post,120.31%
10-07-2024,24324.45,Post,119.33%
11-07-2024,24315.95,Post,119.25%
12-07-2024,24502.15,Post,120.93%
15-07-2024,24586.7,Post,121.70%
16-07-2024,24613,Post,121.93%
18-07-2024,24800.85,Post,123.63%
19-07-2024,24530.9,Post,121.19%
22-07-2024,24509.25,Post,121.00%
23-07-2024,24479.05,Post,120.72%
24-07-2024,24413.5,Post,120.13%
25-07-2024,24406.1,Post,120.07%
26-07-2024,24834.85,Post,123.93%
29-07-2024,24836.1,Post,123.94%
30-07-2024,24857.3,Post,124.14%
31-07-2024,24951.15,Post,124.98%
01-08-2024,25010.9,Post,125.52%
02-08-2024,24717.7,Post,122.88%
05-08-2024,24055.6,Post,116.91%
06-08-2024,23992.55,Post,116.34%
07-08-2024,24297.5,Post,119.09%
08-08-2024,24117,Post,117.46%
09-08-2024,24367.5,Post,119.72%
12-08-2024,24347,Post,119.53%
13-08-2024,24139,Post,117.66%
14-08-2024,24143.75,Post,117.70%
16-08-2024,24541.15,Post,121.28%
19-08-2024,24572.65,Post,121.57%
20-08-2024,24698.85,Post,122.71%
21-08-2024,24770.2,Post,123.35%
22-08-2024,24811.5,Post,123.72%
23-08-2024,24823.15,Post,123.83%
26-08-2024,25010.6,Post,125.52%
27-08-2024,25017.75,Post,125.58%
28-08-2024,25052.35,Post,125.89%
29-08-2024,25151.95,Post,126.79%
30-08-2024,25235.9,Post,127.55%
02-09-2024,25278.7,Post,127.93%
03-09-2024,25279.85,Post,127.95%
04-09-2024,25198.7,Post,127.21%
05-09-2024,25145.1,Post,126.73%
06-09-2024,24852.15,Post,124.09%
09-09-2024,24936.4,Post,124.85%
10-09-2024,25041.1,Post,125.79%
11-09-2024,24918.45,Post,124.69%
12-09-2024,25388.9,Post,128.93%
13-09-2024,25356.5,Post,128.64%
16-09-2024,25383.75,Post,128.88%
17-09-2024,25418.55,Post,129.20%
18-09-2024,25377.55,Post,128.83%
19-09-2024,25415.8,Post,129.17%
20-09-2024,25790.95,Post,132.55%
23-09-2024,25939.05,Post,133.89%
24-09-2024,25940.4,Post,133.90%
25-09-2024,26004.15,Post,134.48%
26-09-2024,26216.05,Post,136.39%
27-09-2024,26178.95,Post,136.05%
30-09-2024,25810.85,Post,132.73%
01-10-2024,25796.9,Post,132.61%
03-10-2024,25250.1,Post,127.68%
04-10-2024,25014.6,Post,125.55%
07-10-2024,24795.75,Post,123.58%
08-10-2024,25013.15,Post,125.54%
09-10-2024,24981.95,Post,125.26%
10-10-2024,24998.45,Post,125.41%
11-10-2024,24964.25,Post,125.10%
14-10-2024,25127.95,Post,126.58%
15-10-2024,25057.35,Post,125.94%
16-10-2024,24971.3,Post,125.16%
17-10-2024,24749.85,Post,123.17%
18-10-2024,24854.05,Post,124.11%
21-10-2024,24781.1,Post,123.45%
22-10-2024,24472.1,Post,120.66%
23-10-2024,24435.5,Post,120.33%
24-10-2024,24399.4,Post,120.01%
25-10-2024,24180.8,Post,118.04%
28-10-2024,24339.15,Post,119.46%
29-10-2024,24466.85,Post,120.61%
30-10-2024,24340.85,Post,119.48%
31-10-2024,24205.35,Post,118.26%
01-11-2024,24304.35,Post,119.15%
04-11-2024,23995.35,Post,116.36%
05-11-2024,24213.3,Post,118.33%
06-11-2024,24484.05,Post,120.77%
07-11-2024,24199.35,Post,118.20%
08-11-2024,24148.2,Post,117.74%
11-11-2024,24141.3,Post,117.68%
12-11-2024,23883.45,Post,115.35%
13-11-2024,23559.05,Post,112.43%
14-11-2024,23532.7,Post,112.19%
18-11-2024,23453.8,Post,111.48%
19-11-2024,23518.5,Post,112.06%
21-11-2024,23349.9,Post,110.54%
22-11-2024,23907.25,Post,115.57%
25-11-2024,24221.9,Post,118.41%
26-11-2024,24194.5,Post,118.16%
27-11-2024,24274.9,Post,118.88%
28-11-2024,23914.15,Post,115.63%
29-11-2024,24131.1,Post,117.59%
02-12-2024,24276.05,Post,118.89%
03-12-2024,24457.15,Post,120.53%
04-12-2024,24467.45,Post,120.62%
05-12-2024,24708.4,Post,122.79%
06-12-2024,24677.8,Post,122.52%
09-12-2024,24619,Post,121.99%
10-12-2024,24610.05,Post,121.91%
11-12-2024,24641.8,Post,122.19%
12-12-2024,24548.7,Post,121.35%
13-12-2024,24768.3,Post,123.33%
16-12-2024,24668.25,Post,122.43%
17-12-2024,24336,Post,119.43%
18-12-2024,24198.85,Post,118.20%
19-12-2024,23951.7,Post,115.97%
20-12-2024,23587.5,Post,112.69%
23-12-2024,23753.45,Post,114.18%
24-12-2024,23727.65,Post,113.95%
26-12-2024,23750.2,Post,114.15%
27-12-2024,23813.4,Post,114.72%
30-12-2024,23644.9,Post,113.20%
31-12-2024,23644.8,Post,113.20%
01-01-2025,23742.9,Post,114.09%
02-01-2025,24188.65,Post,118.11%
03-01-2025,24004.75,Post,116.45%
06-01-2025,23616.05,Post,112.94%
07-01-2025,23707.9,Post,113.77%
08-01-2025,23688.95,Post,113.60%
09-01-2025,23526.5,Post,112.14%
10-01-2025,23431.5,Post,111.28%
13-01-2025,23085.95,Post,108.16%
14-01-2025,23176.05,Post,108.98%
15-01-2025,23213.2,Post,109.31%
16-01-2025,23311.8,Post,110.20%
17-01-2025,23203.2,Post,109.22%
20-01-2025,23344.75,Post,110.50%
21-01-2025,23024.65,Post,107.61%
22-01-2025,23155.35,Post,108.79%
23-01-2025,23205.35,Post,109.24%
24-01-2025,23092.2,Post,108.22%
27-01-2025,22829.15,Post,105.85%
28-01-2025,22957.25,Post,107.00%
29-01-2025,23163.1,Post,108.86%
30-01-2025,23249.5,Post,109.64%
31-01-2025,23508.4,Post,111.97%
01-02-2025,23482.15,Post,111.74%
03-02-2025,23361.05,Post,110.64%
04-02-2025,23739.25,Post,114.05%
05-02-2025,23696.3,Post,113.67%
06-02-2025,23603.35,Post,112.83%
07-02-2025,23559.95,Post,112.44%
10-02-2025,23381.6,Post,110.83%
11-02-2025,23071.8,Post,108.04%
12-02-2025,23045.25,Post,107.80%
13-02-2025,23031.4,Post,107.67%
14-02-2025,22929.25,Post,106.75%
17-02-2025,22959.5,Post,107.02%
18-02-2025,22945.3,Post,106.89%
19-02-2025,22932.9,Post,106.78%
20-02-2025,22913.15,Post,106.61%
21-02-2025,22795.9,Post,105.55%
24-02-2025,22553.35,Post,103.36%
25-02-2025,22547.55,Post,103.31%
27-02-2025,22545.05,Post,103.29%
28-02-2025,22124.7,Post,99.50%
03-03-2025,22119.3,Post,99.45%
04-03-2025,22082.65,Post,99.12%
05-03-2025,22337.3,Post,101.41%
06-03-2025,22544.7,Post,103.28%
07-03-2025,22552.5,Post,103.35%
10-03-2025,22460.3,Post,102.52%
11-03-2025,22497.9,Post,102.86%
12-03-2025,22470.5,Post,102.61%
13-03-2025,22397.2,Post,101.95%
17-03-2025,22508.75,Post,102.96%
18-03-2025,22834.3,Post,105.89%
19-03-2025,22907.6,Post,106.55%
20-03-2025,23190.65,Post,109.11%
21-03-2025,23350.4,Post,110.55%
24-03-2025,23658.35,Post,113.32%
25-03-2025,23668.65,Post,113.42%
26-03-2025,23486.85,Post,111.78%
27-03-2025,23591.95,Post,112.73%
28-03-2025,23519.35,Post,112.07%
01-04-2025,23165.7,Post,108.88%
02-04-2025,23332.35,Post,110.38%
03-04-2025,23250.1,Post,109.64%
04-04-2025,22904.45,Post,106.53%
07-04-2025,22161.6,Post,99.83%
08-04-2025,22535.85,Post,103.20%
09-04-2025,22399.15,Post,101.97%
11-04-2025,22828.55,Post,105.84%
15-04-2025,23328.55,Post,110.35%
16-04-2025,23437.2,Post,111.33%
17-04-2025,23851.65,Post,115.07%
21-04-2025,24125.55,Post,117.54%
22-04-2025,24167.25,Post,117.91%
23-04-2025,24328.95,Post,119.37%
24-04-2025,24246.7,Post,118.63%
25-04-2025,24039.35,Post,116.76%
28-04-2025,24328.5,Post,119.37%
29-04-2025,24335.95,Post,119.43%
30-04-2025,24334.2,Post,119.42%
02-05-2025,24346.7,Post,119.53%
05-05-2025,24461.15,Post,120.56%
06-05-2025,24379.6,Post,119.83%
07-05-2025,24414.4,Post,120.14%
08-05-2025,24273.8,Post,118.87%
09-05-2025,24008,Post,116.48%
12-05-2025,24924.7,Post,124.74%
13-05-2025,24578.35,Post,121.62%
14-05-2025,24666.9,Post,122.42%
15-05-2025,25062.1,Post,125.98%
16-05-2025,25019.8,Post,125.60%
19-05-2025,24945.45,Post,124.93%
20-05-2025,24683.9,Post,122.57%
21-05-2025,24813.45,Post,123.74%
22-05-2025,24609.7,Post,121.90%
23-05-2025,24853.15,Post,124.10%
26-05-2025,25001.15,Post,125.43%
27-05-2025,24826.2,Post,123.85%
28-05-2025,24752.45,Post,123.19%
29-05-2025,24833.6,Post,123.92%
30-05-2025,24750.7,Post,123.17%
02-06-2025,24716.6,Post,122.87%
03-06-2025,24542.5,Post,121.30%
04-06-2025,24620.2,Post,122.00%
05-06-2025,24750.9,Post,123.18%
06-06-2025,25003.05,Post,125.45%
09-06-2025,25103.2,Post,126.35%
10-06-2025,25104.25,Post,126.36%
11-06-2025,25141.4,Post,126.70%
12-06-2025,24888.2,Post,124.41%
13-06-2025,24718.6,Post,122.88%
16-06-2025,24946.5,Post,124.94%
17-06-2025,24853.4,Post,124.10%
18-06-2025,24812.05,Post,123.73%
19-06-2025,24793.25,Post,123.56%
20-06-2025,25112.4,Post,126.44%
23-06-2025,24971.9,Post,125.17%
24-06-2025,25044.35,Post,125.82%
25-06-2025,25244.75,Post,127.63%
26-06-2025,25549,Post,130.37%
27-06-2025,25637.8,Post,131.17%
30-06-2025,25517.05,Post,130.08%
01-07-2025,25541.8,Post,130.31%
02-07-2025,25453.4,Post,129.51%
03-07-2025,25405.3,Post,129.08%
04-07-2025,25461,Post,129.58%
07-07-2025,25461.3,Post,129.58%
08-07-2025,25522.5,Post,130.13%
09-07-2025,25476.1,Post,129.71%
10-07-2025,25355.25,Post,128.63%
11-07-2025,25149.85,Post,126.77%
14-07-2025,25082.3,Post,126.16%
15-07-2025,25195.8,Post,127.19%
16-07-2025,25212.05,Post,127.33%
17-07-2025,25111.45,Post,126.43%
18-07-2025,24968.4,Post,125.14%
21-07-2025,25090.7,Post,126.24%
22-07-2025,25060.9,Post,125.97%
23-07-2025,25219.9,Post,127.40%
24-07-2025,25062.1,Post,125.98%
25-07-2025,24837,Post,123.95%
28-07-2025,24680.9,Post,122.54%
29-07-2025,24821.1,Post,123.81%
30-07-2025,24855.05,Post,124.11%
31-07-2025,24768.35,Post,123.33%
01-08-2025,24565.35,Post,121.50%
04-08-2025,24722.75,Post,122.92%
05-08-2025,24649.55,Post,122.26%
06-08-2025,24574.2,Post,121.58%
07-08-2025,24596.15,Post,121.78%
08-08-2025,24363.3,Post,119.68%
11-08-2025,24585.05,Post,121.68%
12-08-2025,24487.4,Post,120.80%
13-08-2025,24619.35,Post,121.99%
14-08-2025,24631.3,Post,122.10%
18-08-2025,24876.95,Post,124.31%
19-08-2025,24980.65,Post,125.25%
20-08-2025,25050.55,Post,125.88%
21-08-2025,25083.75,Post,126.18%
22-08-2025,24870.1,Post,124.25%
25-08-2025,24967.75,Post,125.13%
26-08-2025,24712.05,Post,122.83%
28-08-2025,24500.9,Post,120.92%
29-08-2025,24426.85,Post,120.25%
01-09-2025,24625.05,Post,122.04%
02-09-2025,24579.6,Post,121.63%
03-09-2025,24715.05,Post,122.85%
04-09-2025,24734.3,Post,123.03%
05-09-2025,24741,Post,123.09%
08-09-2025,24773.15,Post,123.38%
09-09-2025,24868.6,Post,124.24%
10-09-2025,24973.1,Post,125.18%
11-09-2025,25005.5,Post,125.47%
12-09-2025,25114,Post,126.45%
15-09-2025,25069.2,Post,126.05%
16-09-2025,25239.1,Post,127.58%
17-09-2025,25330.25,Post,128.40%
18-09-2025,25423.6,Post,129.24%
19-09-2025,25327.05,Post,128.37%
22-09-2025,25202.35,Post,127.25%
23-09-2025,25169.5,Post,126.95%
24-09-2025,25056.9,Post,125.93%
25-09-2025,24890.85,Post,124.44%
26-09-2025,24654.7,Post,122.31%
29-09-2025,24634.9,Post,122.13%
30-09-2025,24611.1,Post,121.92%
01-10-2025,24836.3,Post,123.95%
03-10-2025,24894.25,Post,124.47%
06-10-2025,25077.65,Post,126.12%
07-10-2025,25108.3,Post,126.40%
08-10-2025,25046.15,Post,125.84%
09-10-2025,25181.8,Post,127.06%
10-10-2025,25285.35,Post,127.99%
13-10-2025,25227.35,Post,127.47%
14-10-2025,25145.5,Post,126.73%
15-10-2025,25323.55,Post,128.34%
16-10-2025,25585.3,Post,130.70%
17-10-2025,25709.85,Post,131.82%
20-10-2025,25843.15,Post,133.02%
21-10-2025,25868.6,Post,133.25%
23-10-2025,25891.4,Post,133.46%
24-10-2025,25795.15,Post,132.59%
27-10-2025,25966.05,Post,134.13%
28-10-2025,25936.2,Post,133.86%
29-10-2025,26053.9,Post,134.92%
30-10-2025,25877.85,Post,133.34%
31-10-2025,25722.1,Post,131.93%
03-11-2025,25763.35,Post,132.30%
04-11-2025,25597.65,Post,130.81%
06-11-2025,25509.7,Post,130.02%
07-11-2025,25492.3,Post,129.86%
10-11-2025,25574.35,Post,130.60%
11-11-2025,25694.95,Post,131.69%
12-11-2025,25875.8,Post,133.32%
13-11-2025,25879.15,Post,133.35%
14-11-2025,25910.05,Post,133.63%
17-11-2025,26013.45,Post,134.56%
18-11-2025,25910.05,Post,133.63%
19-11-2025,26052.65,Post,134.91%
20-11-2025,26192.15,Post,136.17%
21-11-2025,26068.15,Post,135.05%
24-11-2025,25959.5,Post,134.07%
25-11-2025,25884.8,Post,133.40%
26-11-2025,26205.3,Post,136.29%
27-11-2025,26215.55,Post,136.38%
28-11-2025,26202.95,Post,136.27%
01-12-2025,26175.75,Post,136.02%
02-12-2025,26032.2,Post,134.73%
03-12-2025,25986,Post,134.31%
04-12-2025,26033.75,Post,134.74%
05-12-2025,26186.45,Post,136.12%
08-12-2025,25960.55,Post,134.08%
09-12-2025,25839.65,Post,132.99%
10-12-2025,25758,Post,132.26%
11-12-2025,25898.55,Post,133.52%
12-12-2025,26046.95,Post,134.86%
15-12-2025,26027.3,Post,134.68%
16-12-2025,25860.1,Post,133.18%
17-12-2025,25818.55,Post,132.80%
18-12-2025,25815.55,Post,132.78%
19-12-2025,25966.4,Post,134.14%
22-12-2025,26172.4,Post,135.99%
23-12-2025,26177.15,Post,136.04%
24-12-2025,26142.1,Post,135.72%
26-12-2025,26042.3,Post,134.82%
29-12-2025,25942.1,Post,133.92%
30-12-2025,25938.85,Post,133.89%
31-12-2025,26129.6,Post,135.61%
01-01-2026,26146.55,Post,135.76%
02-01-2026,26328.55,Post,137.40%
05-01-2026,26250.3,Post,136.70%
06-01-2026,26178.7,Post,136.05%
07-01-2026,26140.75,Post,135.71%
08-01-2026,25876.85,Post,133.33%
09-01-2026,25683.3,Post,131.58%
12-01-2026,25790.25,Post,132.55%
13-01-2026,25732.3,Post,132.02%
14-01-2026,25665.6,Post,131.42%
16-01-2026,25694.35,Post,131.68%
19-01-2026,25585.5,Post,130.70%
20-01-2026,25232.5,Post,127.52%
21-01-2026,25157.5,Post,126.84%
22-01-2026,25289.9,Post,128.04%
23-01-2026,25048.65,Post,125.86%
27-01-2026,25175.4,Post,127.00%
28-01-2026,25342.75,Post,128.51%
29-01-2026,25418.9,Post,129.20%
30-01-2026,25320.65,Post,128.31%
01-02-2026,24825.45,Post,123.85%
02-02-2026,25088.4,Post,126.22%
03-02-2026,25727.55,Post,131.98%
04-02-2026,25776,Post,132.42%
05-02-2026,25642.8,Post,131.22%
06-02-2026,25693.7,Post,131.68%
09-02-2026,25867.3,Post,133.24%
10-02-2026,25935.15,Post,133.85%
11-02-2026,25953.85,Post,134.02%
12-02-2026,25807.2,Post,132.70%
13-02-2026,25471.1,Post,129.67%
16-02-2026,25682.75,Post,131.58%
17-02-2026,25725.4,Post,131.96%
18-02-2026,25819.35,Post,132.81%
19-02-2026,25454.35,Post,129.52%
20-02-2026,25571.25,Post,130.57%
23-02-2026,25713,Post,131.85%
24-02-2026,25424.65,Post,129.25%
25-02-2026,25482.5,Post,129.77%
26-02-2026,25496.55,Post,129.90%
27-02-2026,25178.65,Post,127.03%
02-03-2026,24865.7,Post,124.21%
04-03-2026,24480.5,Post,120.74%
05-03-2026,24765.9,Post,123.31%
06-03-2026,24450.45,Post,120.47%
09-03-2026,24028.05,Post,116.66%
10-03-2026,24261.6,Post,118.76%
11-03-2026,23866.85,Post,115.20%
12-03-2026,23639.15,Post,113.15%
13-03-2026,23151.1,Post,108.75%
16-03-2026,23408.8,Post,111.07%
17-03-2026,23581.15,Post,112.63%
18-03-2026,23777.8,Post,114.40%
19-03-2026,23002.15,Post,107.41%
20-03-2026,23114.5,Post,108.42%
23-03-2026,22512.65,Post,102.99%
24-03-2026,22912.4,Post,106.60%
25-03-2026,23306.45,Post,110.15%
27-03-2026,22819.6,Post,105.76%
30-03-2026,22331.4,Post,101.36%
01-04-2026,22679.4,Post,104.50%
02-04-2026,22713.1,Post,104.80%
06-04-2026,22968.25,Post,107.10%
07-04-2026,23123.65,Post,108.50%
08-04-2026,24006.8,Post,116.47%
